,Open,High,Low,Close,Volume,Open,High,Low,Close,Volume
,MSFT,MSFT,MSFT,MSFT,MSFT,AAPL,AAPL,AAPL,AAPL,AAPL
Date,,,,,,,,,,
2023-02-07,256.3234082373286,264.430353274804,255.8806620537984,263.2398986816406,50841400,149.07235465259149,153.61458490158566,149.07235465259149,153.04061889648438,83322600
2023-02-08,268.7889065089116,272.2914241084485,261.91174710026456,262.4233703613281,54686000,152.2786602948261,152.97137275977542,149.5968551305232,150.33905029296875,64120100
2023-02-09,269.3791495380561,269.5562660350843,258.5567580952953,259.363525390625,42375100,152.17967780621382,152.72395721753742,148.85464324794316,149.29995727539062,56007100
2023-02-10,257.30727111102686,259.8259343195582,256.45132314892584,258.8519287109375,25818500,148.13047201337668,149.99373802352738,147.89260151029114,149.6666717529297,57450700
2023-02-13,263.3186644624134,270.1662789980363,262.8365556487046,266.9392395019531,44630900,149.6072179924685,152.88777139634084,149.5774860679603,152.48143005371094,62199000
2023-02-14,268.2674701886814,270.53032226738316,264.9321908808967,267.7755432128906,37047900,150.76679417039543,152.40212547908195,149.51800808989614,151.83718872070312,61707600
2023-02-15,264.6488747898258,267.02590497768625,262.5381396478936,265.63519287109375,28922400,151.74800433724963,154.11674338956908,151.52005454611242,153.94825744628906,65573800
2023-02-16,260.4077035562338,263.09049009144866,258.3167139229124,258.56329345703125,29603600,152.14443364408874,154.93935535973205,151.985868430853,152.34266662597656,68167900
2023-02-17,255.84108638890078,256.5314910527994,252.49745332073493,254.52926635742188,30000100,150.99477529042434,151.63898716051196,149.50811855355659,151.1929931640625,59144100
2023-02-21,250.99823082473256,251.9944217573943,248.14777206151032,249.21299743652344,28397400,148.8638959311259,149.95411695272674,147.08982549385345,147.15919494628906,58867200
2023-02-22,250.61356544983659,250.8601449778206,246.91487253007625,248.06886291503906,22491100,147.54572027637772,148.61611493809133,145.8509400709552,147.5853729248047,51011300
2023-02-23,252.06345593176604,253.32594191932378,247.0529580842625,251.28427124023438,29219100,148.75487896664254,149.00265510528632,145.93024005993672,148.07101440429688,48394200
2023-02-24,246.54007672843568,247.56584092140017,244.70552447657911,245.81019592285156,24990900,145.80137346736828,145.88066363662452,144.42373891303,145.40493774414062,55469600
2023-02-27,249.00588520460076,249.36096033836793,245.97788127913898,246.7373504638672,21190000,146.39603304549414,147.84303695578296,146.13833623071892,146.60415649414062,44998500
2023-02-28,245.6622592388617,248.04914726252943,245.32689964295895,246.00746154785156,22491000,145.74191090318052,147.7538517062128,145.5238667165713,146.0987091064453,50547000
2023-03-01,247.32913256854502,247.4968048471562,242.42713018495667,242.90057373046875,27565300,145.52387812060013,145.9203138783818,143.72006063966762,144.01739501953125,55479000
2023-03-02,243.17673864636473,247.96037256032474,242.24959719355036,247.67434692382812,24808200,143.0956567800384,145.40493182531964,142.61991578386647,144.61204528808594,52238100
2023-03-03,248.73955740111904,252.12262116972,247.95049993219732,251.79713439941406,30760100,146.72310034368257,149.7657983517578,146.01942463285462,149.68650817871094,70732300
2023-03-06,252.92154740586594,256.56106366398126,252.47770726341727,253.35552978515625,24109800,152.42194098250997,154.90962273726373,152.09488983458962,152.4615936279297,87558000
2023-03-07,252.7933380816872,254.16433480309476,249.92316360923053,250.67276000976562,21473200,152.33275997963113,152.65982628230532,149.7856292559754,150.25144958496094,56182000
2023-03-08,250.56424163422204,251.05740068054592,247.3784384089754,250.22889709472656,17340200,151.45068324166047,152.10481587149795,150.47940502111874,151.51014709472656,47204800
2023-03-09,252.31991130747735,256.00873148264196,248.13791701716175,248.8677978515625,26653400,152.19400890417916,153.1652871071905,148.89362901108174,149.25042724609375,53833600
2023-03-10,247.64476514837403,249.33136077212063,244.212382169328,245.18882751464844,28333900,148.87379600332346,149.59729796835543,146.2969185586702,147.1790008544922,68572400
2023-03-13,244.01512378576322,254.38133800249287,242.36797414966546,250.4459228515625,33339700,146.495128579555,151.77771647257012,146.38610649834635,149.1314697265625,84457100
2023-03-14,253.23718999570187,257.4980917115578,252.3593674269289,257.221923828125,33620300,149.934260737341,152.03539706221633,148.76476489554864,151.23260498046875,73695900
2023-03-15,256.42302986650344,262.83409850139134,255.6635455488037,261.8083190917969,46028000,149.8450679963741,151.88674052270053,148.586361246658,151.62905883789062,77167900
2023-03-16,261.58142474678226,272.77614162435196,259.67783796593795,272.42108154296875,54768800,150.80646037730506,155.06821263966182,150.29108181642482,154.46363830566406,76161100
2023-03-17,274.4528971827675,279.4535073114165,272.53943756981755,275.60687255859375,69527400,154.69157989251337,155.34571244010942,152.90758890954837,153.62118530273438,98944600
2023-03-20,273.1904128378011,273.6835719142719,266.1579595913203,268.5054016113281,43466600,153.69058715899433,156.41612462417007,152.77875768053804,155.99984741210938,73641400
2023-03-21,271.1191050234136,271.2374583710604,265.8324247282345,270.0341491699219,34558700,155.9205571770909,157.98204109629864,155.14748180357108,157.8631134033203,73938300
2023-03-22,269.6594045264148,277.19489043228054,268.45609505296665,268.5646057128906,34873300,157.88295021864405,160.6976833752444,156.40619906612653,156.426025390625,75701800
2023-03-23,274.137282393425,277.21459035555193,271.4347801625903,273.8611145019531,36610900,157.41711872342182,160.11292398786247,156.2773395529773,157.51622009277344,67622100
2023-03-24,273.446836403508,276.7904694060669,271.5136612424645,276.7312927246094,28172000,157.44685878169065,158.91368918214428,156.4458486981132,158.82449340820312,59196500
2023-03-27,276.66222806583613,277.60908501730165,271.7503530737867,272.5986022949219,26840200,158.51724627438185,159.3398647729009,156.46565282812585,156.87200927734375,52390300
2023-03-28,272.0166912251704,272.36190859794345,268.32784087331277,271.46435546875,21878600,156.56476504075383,157.0801435690118,154.59246181824673,156.2476043701172,45992200
2023-03-29,275.1433079190786,277.29350440292745,274.6008449662974,276.672119140625,25087000,157.95231889750627,159.6173823169816,157.9325076961592,159.33987426757812,51305700
2023-03-30,280.3411953822254,280.56802927390424,277.6288206944652,280.16363525390625,25053400,160.09307680442691,161.02471726864817,159.83539513002484,160.9156951904297,49501700
2023-03-31,279.84804837782394,285.31222903893445,279.12802532101676,284.3554992675781,32766000,160.99502723627342,163.53225249160582,160.4697430290236,163.43313598632812,68749800
2023-04-03,282.5998329031126,284.325889466506,280.0650184260436,283.3001403808594,24883300,162.80872590475465,164.81074592730272,162.75916765957112,164.6918182373047,56976200
2023-04-04,283.30015793950093,286.47610341698794,281.7615041156291,283.2508239746094,25824300,165.1180039760234,165.35585936030904,163.6412529320187,164.15663146972656,46278300
2023-04-05,281.9390264319253,283.22122788337555,279.0491217097848,280.4496765136719,22064800,163.27456173694304,163.58180171406576,160.36071207007467,162.3032684326172,51511700
2023-04-06,279.3351286127617,288.0837649660351,278.1712805290201,287.6103515625,29770300,160.98510790466275,163.4926163777719,160.55894019900367,163.19528198242188,45390100
2023-04-10,285.2530733958761,285.6377519354261,280.8146415705329,285.4306335449219,23103000,159.98409444358578,160.5886688232422,158.6560179778013,160.5886688232422,47716900
2023-04-11,281.84045082891004,282.0673148711929,277.7866971127785,278.96038818359375,27276600,160.90579790302047,160.91570350226053,159.08215439834586,159.3695831298828,47644200
2023-04-12,280.8935598048498,283.0831873442445,278.10226253028486,279.611328125,27403400,159.7858591607215,160.6183832614872,158.35866634623534,158.6758270263672,50133100
2023-04-13,279.7099323499356,285.93359684104695,279.2956956247164,285.8744201660156,24222700,160.1922314364538,164.32513554824666,159.98409282917345,164.08726501464844,68445600
2023-04-14,283.0732862312766,284.5330478116191,279.80857582595036,282.2250671386719,20987900,163.12589186720774,164.8405136022097,162.362752263478,163.74038696289062,49386500
2023-04-17,285.9632382677251,287.61040296199513,282.24482936275564,284.84869384765625,23836200,163.62142359967223,163.91875794761413,162.57085534359018,163.7601776123047,41516200
2023-04-18,287.5807289593989,287.7681317759819,283.0831215614773,284.42449951171875,20161800,164.6224624365103,165.9208069034402,164.17645331594588,164.98916625976562,49923000
2023-04-19,282.077114711904,285.0952458067938,280.646971471538,284.50347900390625,17150300,164.32514699227858,166.6641544715295,164.0674501155034,166.1388702392578,47720200
2023-04-20,281.347245946029,285.0755272649931,281.1795586202905,282.1954650878906,23244400,164.61254066948467,166.37670544707035,164.0872565010493,165.1675567626953,52456400
2023-04-21,281.11054215817984,282.35328254409745,279.18720974896235,281.85028076171875,21676400,163.58179491237593,164.9693351136413,163.0267788318698,163.55206298828125,58337300
2023-04-24,278.23048499093494,281.0513705688823,274.90659762149755,277.91485595703125,26611000,163.5322324264354,164.12690113902568,162.43210589428088,163.8592987060547,41949600
2023-04-25,275.685801623626,277.74720298912615,271.60242994743777,271.6517639160156,45772200,163.72055320726747,164.83058539726287,162.2735339969769,162.3131866455078,48714100
2023-04-26,292.64055511384544,295.47128288503853,288.7248715505481,291.3287353515625,64599200,161.6094983031377,163.80975151595447,161.3518165759181,162.3032684326172,45498800
2023-04-27,291.9205683836729,301.0242952553271,291.21041814980555,300.6593322753906,46462600,163.72055333888554,167.06057063521666,163.72055333888554,166.9119110107422,64902300
2023-04-28,299.8505878659069,304.7032562666543,299.16015312675654,303.0561218261719,36446700,166.99119168750394,168.3390943239458,166.3866173772678,168.17059326171875,55209200
2023-05-01,302.77007618260353,304.3777795431425,300.97496997022023,301.3793640136719,21294100,167.77416566961222,168.93375609993646,167.13985940542491,168.08140563964844,52472900
2023-05-02,303.5492991043437,304.9498540934286,299.75196801132864,301.2314453125,26404400,168.57695592218053,168.8346527635164,166.0496364953305,167.04074096679688,48425700
2023-05-03,302.4248876611593,304.3876512860418,299.92950376970987,300.2352600097656,22360800,167.99220106828838,169.39956754565748,165.67302032909086,165.96043395996094,65136000
2023-05-04,302.05007617512933,303.5492991043437,299.24893609691674,301.2314453125,22519900,163.42322802207295,165.55409674723404,162.848385570496,164.31521606445312,81235400
2023-05-05,301.5372081436392,307.7016970333839,300.10703468120107,306.3997497558594,28181200,169.45902904213452,172.74950296676494,169.24098486047572,172.0260009765625,113316400
2023-05-08,305.886855215998,305.95590471108136,301.9021214288919,304.4270935058594,21318600,170.94568850577377,172.30351186374347,170.57898470464832,171.9566192626953,55962800
2023-05-09,303.78600080160834,305.79809832583857,302.1191206619338,302.7996826171875,21340800,171.51063216959898,171.99626368287582,170.0735337075861,170.2420196533203,45326900
2023-05-10,304.39750145489603,308.71757975112604,303.4605172760594,308.0370178222656,30078000,171.4808778133282,172.48188775635265,170.37083066450225,172.0160675048828,53724500
2023-05-11,305.8572227175548,306.86325625765073,302.06976514891244,305.8670654296875,31680200,172.30350796985275,173.03691555552936,170.63844469472525,172.2043914794922,49514700
2023-05-12,306.30113700897044,306.3997748592965,302.4051977714823,304.7427673339844,19758100,172.3135560619337,172.75024761525086,169.7132756322357,171.27146911621094,45497800
2023-05-15,304.8709530895723,305.65999558742567,303.3816030173291,305.22601318359375,16336500,171.85701716146394,171.9066439525377,170.17973157337624,170.7752227783203,37266700
2023-05-16,305.59092131205534,309.4178403264206,305.59092131205534,307.47479248046875,26730300,170.69582294139641,171.83716341624037,170.50725022169846,170.7752227783203,42110300
2023-05-17,308.69063785690577,310.805957105948,307.15848464072695,310.38092041015625,24315000,170.41795757208934,171.62876362745493,169.13765582565435,171.3905792236328,57951600
2023-05-18,310.9048433402556,315.36287241565884,310.1041815113746,314.8488464355469,27276000,171.6982259620468,173.92137607373184,171.28138815560044,173.73280334472656,65496700
2023-05-19,313.08933355752697,315.07617651189463,312.72360290073794,314.6708984375,27529500,175.06272037880413,175.06272037880413,173.62363419943688,173.84197998046875,55772400
2023-05-22,314.9278991458185,318.8719017134637,314.3447029636588,317.4781494140625,24115700,172.6708601403215,173.3953780620173,172.14484940723798,172.8892059326172,43570900
2023-05-23,316.3414461324922,319.00044455657815,311.61653992956735,311.6264343261719,30797200,171.8272670994411,172.07538594402806,169.99118159190851,170.26907348632812,50747300
2023-05-24,311.1025282287602,312.85211688528767,309.0069373671883,310.232666015625,23384900,169.80259482166662,171.1225887831174,169.2368917775998,170.5469512939453,45143500
2023-05-25,319.5144097615483,323.1322291686583,316.31176281610414,322.1635437011719,43301700,171.11268642842802,172.5914650743336,170.39810293275275,171.68832397460938,56058300
2023-05-26,320.2854006128314,329.5572934697722,320.147029910554,329.0531921386719,36630600,172.01583117068753,174.44739269623702,171.80740468839622,174.1099395751953,54835000
2023-05-30,331.36620250707483,331.8703038143698,326.71046750825445,327.39251708984375,29503100,175.62844336557998,177.64316710040904,175.24137858755796,175.96588134765625,55964400
2023-05-31,328.4601464265124,332.0680717293072,323.5572919875498,324.6051025390625,45950600,175.99567487837328,178.0004795449162,175.42995659790392,175.91627502441406,99625300
2023-06-01,322.1734171605526,329.6858277758173,320.97737171957544,328.74676513671875,26773900,176.3628631071657,178.76465158842046,175.59865286277548,178.73487854003906,68901800
2023-06-02,330.3975318385058,333.6100732849535,328.71711347710425,331.5342712402344,25864000,179.66779400262783,180.41215044305542,177.91110856290692,179.58839416503906,61945900
2023-06-05,331.3563210541783,334.65782124756686,330.80277791791184,332.0680236816406,21307100,181.25576664565278,183.55830143833987,176.70029356551757,178.2287139892578,121946500
2023-06-06,331.4650830529389,331.50463047248496,328.34153072317616,329.8341064453125,20396200,178.61577170881486,178.7646369385223,176.09487609665206,177.8614959716797,64848400
2023-06-07,327.8274725409219,330.6347357358875,318.7829393642212,319.6528015136719,40717100,177.09730925974853,179.84647030311896,175.9857416800345,176.4819793701172,61944600
2023-06-08,320.20634568769077,322.87523818509703,319.62314950969096,321.5111389160156,23277700,176.56135080082998,179.47923062220013,176.12467438732125,179.21127319335938,50214900
2023-06-09,321.2442571905946,326.1866287534683,320.6709553622718,323.0235290527344,22514900,180.13427291189814,180.85877566456503,179.2708242183914,179.5983428955078,48870700
2023-06-12,324.7929074196747,328.27235663889024,321.41234184018543,328.0252380371094,24260300,179.90600135310552,182.5062817855448,179.60825573516888,182.4070281982422,54274900
2023-06-13,330.6149603490119,333.0960401950641,326.581998965656,330.4370422363281,22951300,181.42450705779416,182.76433976812353,181.06721530624512,181.9306640625,54929100
2023-06-14,330.4864815075517,335.13232261049444,328.97411709163043,333.451904296875,26003800,181.9902041416917,183.00253326157815,180.6503714756975,182.5658416748047,57462900
2023-06-15,333.5902989724616,345.80782615776803,333.31352739056973,344.087890625,38899100,182.57577393042644,185.1165084295681,182.39712049072034,184.61033630371094,65433200
2023-06-16,347.270835349067,347.4191004767098,338.0088349968938,338.3844299316406,46533600,185.32491183758503,185.58296511233405,182.88343103661734,183.52853393554688,101235600
2023-06-20,335.39920428223814,338.1372671679203,331.9889559626245,334.1537170410156,26375400,183.0223827636369,184.69966852666565,183.0223827636369,183.61785888671875,49799100
2023-06-21,332.4930949848668,333.83743571716536,328.2426675673344,329.7154846191406,25117800,183.50867393361597,184.01484602054117,181.21605845086614,182.5757598876953,49515700
2023-06-22,330.2690186262127,336.1998642526837,329.4980099014051,335.7945861816406,23556800,182.35741623768828,185.64250704259015,182.28793569790065,185.59288024902344,51245300
2023-06-23,330.5062337501413,334.06474706177283,329.6067487340244,331.15863037109375,23084700,184.1537970097952,186.14866693334577,183.61785186115858,185.27528381347656,53079300
2023-06-26,329.8736360460797,332.236073875563,324.70390473147376,324.8126525878906,21520600,185.42415928991971,186.6349803489813,183.83619277653602,183.8759002685547,48088700
2023-06-27,328.03508000658053,332.27564337179473,325.5045881093416,330.7138671875,24354100,184.491243018021,186.9724314039452,184.2728972285419,186.64491271972656,50730800
2023-06-28,330.8028086437021,334.084550517697,329.96259946623746,331.9790954589844,20259500,186.5158835329519,188.47106116590345,186.18837999717346,187.82595825195312,51216800
2023-06-29,330.8522158237522,332.2360737742662,328.7863082108704,331.18829345703125,16997000,187.6572341550609,188.63979016757608,187.51828821688443,188.16339111328125,46347300
2023-06-30,333.85719948758003,338.7798124300312,333.3135506813242,336.61505126953125,26823800,190.18806349655458,193.01660926668555,189.82083730500045,192.5104522705078,85069600
2023-07-03,335.28060262151536,336.9708852401349,332.6908047635794,334.09442138671875,12508700,192.32186987463191,192.42112346606635,190.31706545063716,191.01181030273438,31458200
2023-07-05,331.22786490930497,337.71225420438924,330.8720286244269,334.2525939941406,18172400,190.12850409377413,191.5278827838796,189.18564042572623,189.8903045654297,46920300
2023-07-06,333.4123647627666,339.03678586609493,331.6331231134423,337.33660888671875,28161200,188.41152151886186,190.57512571080738,187.7763378847441,190.36669921875,45094300
2023-07-07,335.40908439573553,337.8506169608955,333.1158169325409,333.3332824707031,21185300,189.96969607727493,191.2202094723073,188.80850182246542,189.24517822265625,46778000
2023-07-10,330.74349462758727,331.3662382401782,323.81428038681094,328.0054016113281,32791400,187.83586826290198,188.56038612953148,185.63257190372127,187.19076538085938,59922200
2023-07-11,327.2443090989925,329.0235508256902,323.2311057346372,328.6380615234375,26698200,187.7366242460387,187.87557017699805,185.19588999765614,186.6647491455078,46638100
2023-07-12,332.7204469994857,337.71223002191914,331.8011731635339,333.31353759765625,29995300,188.25270672963643,190.2575110663078,187.05182010303508,188.342041015625,60750200
2023-07-13,335.64629525130016,339.77811014672653,335.1125107395489,338.7105712890625,20567200,189.06655459750118,189.75136501356704,188.35197113238655,189.1062469482422,41342300
2023-07-14,343.583754215455,347.37949164129134,340.3415599455214,341.2608337402344,28302200,188.79858162868422,189.74143018258206,188.203105504946,189.255126953125,41573900
2023-07-17,341.69579744205475,342.9906963945975,338.25592609703426,341.7452392578125,20363900,190.45598871765927,192.85779207747484,190.36666958238524,192.5302734375,50520200
2023-07-18,341.84402665294436,362.55257365392396,338.2262375492029,355.3465881347656,64872700,191.89511697543264,192.8677385882339,190.97210701546965,192.27224731445312,48353800
2023-07-19,357.5805944318739,358.28240277063935,348.377900689894,350.9874572753906,39732900,191.64700719335607,196.73839573453523,191.20038114492507,193.6319580078125,80507300
2023-07-20,349.4948600864259,353.8441409060029,341.3893588854277,342.8720703125,33778400,193.6220163160383,194.99163717283173,191.05150874206208,191.67677307128906,59581200
2023-07-21,345.12576587462695,346.2625051878546,335.91317895795135,339.8077697753906,69368900,192.63949343255948,193.50294223932778,189.7910785557487,190.49574279785156,71917800
2023-07-24,341.8638462386976,342.9215209904844,338.36463873391983,341.1323547363281,26678100,191.95462831821482,193.4433410891444,190.80335347414325,191.29959106445312,45377800
2023-07-25,343.10933217661227,347.83426873576747,341.0928661337009,346.93475341796875,41637700,191.8752747291033,192.9769230508511,191.46835617242775,192.1630859375,37283200
2023-07-26,337.504667075425,340.6974499210077,329.2706592716007,333.876953125,58383700,192.21269689922778,194.16787452666702,191.86533961729995,193.0364532470703,47471900
2023-07-27,336.5557213978174,337.3959003723981,325.25743786483986,326.908203125,39635300,194.54503217158796,195.71614587462116,191.1011413216581,191.76609802246094,47460200
2023-07-28,329.82419070531085,336.0911133446516,329.32995361861987,334.4700012207031,28484900,193.20517029738988,195.15042860374737,192.6791595850325,194.3564453125,48291400
2023-07-31,333.0368142619769,333.8078231015601,329.51781758051146,332.04833984375,25446000,194.58470647584855,195.01147873318087,193.79072320060368,194.97177124023438,38824100
2023-08-01,331.32670053812484,334.6380954513858,329.85388349527227,332.46343994140625,18311900,194.7633716275856,195.24967486566203,193.81058861115622,194.1381072998047,35175100
2023-08-02,329.7846631535933,329.7846631535933,322.59843617417204,323.7253112792969,27761300,193.57238603724957,193.71133198080406,190.40640238454526,191.1309051513672,50389300
2023-08-03,322.24262287118034,326.07790799446406,322.1932112223528,322.89501953125,18253700,190.1285055646349,190.92247371064892,189.2551224312535,189.73150634765625,61235200
2023-08-04,328.05485638688526,331.2772922665629,323.468321143029,324.0021057128906,23727700,184.12404245746146,185.97004732736383,180.5511249208849,180.62060546875,115799700
2023-08-07,324.5852708301054,327.2936805067541,323.7450617202006,326.3052062988281,17741500,180.7595446995356,181.75202007346337,176.01551362367866,177.5042266845703,97576100
2023-08-08,323.1915073052413,324.96088452215395,319.2771580248083,322.2919921875,22327600,178.33789436874574,178.91353187709316,176.2437708178845,178.4470672607422,67823000
2023-08-09,322.70720411911464,323.3398119813317,317.3496601701691,318.5160827636719,22373300,179.50900875402357,179.568554851008,175.67805336031552,176.84918212890625,60378500
2023-08-10,322.2623282499184,324.4765308361969,317.4781170324145,319.20794677734375,20113700,178.12946109590703,179.38990895654987,176.26361784560095,176.63082885742188,54686900
2023-08-11,316.5687639624726,318.6939775064146,315.5308479299618,317.31011962890625,24342600,176.2233960656567,177.5153442624666,175.458153778981,176.6904754638672,51988100
2023-08-14,317.685755554102,320.3249649242418,316.3908265264189,320.3052062988281,18836100,176.86935281922499,178.57871676071744,176.21343092354076,178.3501434326172,43675600
2023-08-15,319.27717416657407,321.3430816736335,317.2013722642117,318.1502990722656,16966300,177.7737337283927,178.37001397078072,175.9550494184861,176.35256958007812,43622600
2023-08-16,317.77393688756257,321.35981544543756,316.7833697149334,317.3777160644531,20698900,176.03454634490478,177.43581469068437,175.40843772025733,175.47801208496094,46964900
2023-08-17,317.51634791131056,318.8337886923034,313.2271759636282,313.890869140625,21257200,176.04450015039933,176.4122070810067,172.40713130392336,172.92391967773438,66062900
2023-08-18,311.5234408357638,315.3767614049802,308.61117111318896,313.49468994140625,24744800,171.23444515927903,174.01713210367805,170.89655146662832,173.41090393066406,61114200
2023-08-21,314.9309977770275,319.72533901894826,314.04940875807927,318.84375,24040000,173.98729066685254,175.0407326935708,172.66551420323125,174.7525177001953,46311900
2023-08-22,322.4295757132843,323.00409130288494,318.42767635532056,319.4182434082031,16102000,175.96496432299716,176.58112506049082,175.15997622029204,176.1339111328125,42084200
2023-08-23,320.76543972560916,326.0946954631443,320.4088198566661,323.9154357910156,21166400,177.41596644953157,180.4272265262981,177.2271390578494,179.9998779296875,52722800
2023-08-24,329.71026061311085,329.8390391710411,316.9418363646179,316.9517517089844,23281400,179.55266206734146,179.98001065949663,174.92147774645116,175.28919982910156,54945800
2023-08-25,318.4376140983813,322.29090448568866,315.7927865800753,319.9333801269531,21684100,176.28301269216934,178.04205535297126,174.73266281139772,177.50540161132812,51449600
2023-08-28,322.58807894045736,323.07344713621103,318.68524222639564,320.6465759277344,14808500,178.97625019026674,179.4731579970015,177.4457808178697,179.0756378173828,43820700
2023-08-29,318.84373205694396,325.8767642718409,318.84373205694396,325.3121337890625,19284600,178.5886452216866,183.75648287285222,178.38988515133815,182.98130798339844,53003900
2023-08-30,325.5697048989506,326.6989356833555,323.37064470857354,325.6885681152344,15222100,183.79623993812856,186.68824666593932,183.5974798721571,186.48947143554688,60813900
2023-08-31,326.09469293106076,327.7885541636896,323.69750731033304,324.66827392578125,26411000,186.6783166282915,187.95039936926207,186.3205424096171,186.7081298828125,60794500
2023-09-01,328.1847806822059,328.85835904932804,323.6975129666843,325.5597839355469,14931200,188.31809755249566,188.74543092268522,187.1155741698604,188.2882843017578,45732600
2023-09-05,325.89658763051284,331.6914114200369,325.55979843195536,330.4036560058594,18553900,187.11559340947835,188.8050768374951,186.44973880050088,188.5268096923828,45280000
2023-09-06,330.2352737981181,331.305072994731,327.06544689827825,329.739990234375,17535800,187.23484633917346,187.68207547486304,180.34771175415628,181.77880859375,81755800
2023-09-07,328.1649609757256,329.93805420021084,325.926269806624,326.7979736328125,18381000,174.09658267042076,177.10785742512675,172.4667259444429,176.4618682861328,112488800
2023-09-08,326.9762886066254,332.989038125567,326.35222650031665,331.1168518066406,19530100,177.24701069547294,179.12532149203676,176.6904612453168,177.0780487060547,65551300
2023-09-11,334.05884921795905,335.2277414058345,332.26592513119544,334.75225830078125,16583300,178.9563633540274,179.18493667169957,176.24323613595504,178.25074768066406,58953100
2023-09-12,332.65225686072523,333.6131081744858,328.3531991956685,328.64044189453125,17565500,178.37997587722177,179.01601728450376,173.7388586270757,175.20970153808594,90370200
2023-09-13,328.18476022177265,333.6725100311342,328.04609655704934,332.88995361328125,16544400,175.41837777577814,176.20350055461225,172.9040256402011,173.1326141357422,84267900
2023-09-14,335.9508335027836,337.6446948177022,333.3951836281645,335.5050964355469,20267000,172.92390792735483,175.0109266750055,172.5065072107091,174.6531524658203,60895800
2023-09-15,333.74188374525704,334.217336610677,326.540441514089,327.1050720214844,37666900,175.38856818743835,175.40844874494908,172.74503028655468,173.9276580810547,109205100
2023-09-18,324.7078694858904,327.2833498823573,323.28145050414594,325.95599365234375,16834200,175.38856362269223,178.27063780985006,175.08048322919404,176.86935424804688,67257600
2023-09-19,323.09327870427745,326.2829059201443,321.44893371923223,325.54986572265625,16505900,176.42213782123514,178.51908920430856,176.034550369597,177.96255493164062,51826900
2023-09-20,326.401747426873,326.48097948715775,317.4866442743729,317.7441711425781,21436500,178.1513672500879,178.5886485115626,174.3152386804528,174.40469360351562,58436200
2023-09-21,316.24845742778143,322.2810073516276,312.02863196954377,316.5158996582031,35529500,173.47050026870355,175.20967741085585,172.78476514063325,172.8543243408203,63047900
2023-09-22,318.2890565230016,318.4178350943652,313.16781085321537,314.01971435546875,21447900,173.58976187810813,175.98486101486026,172.97360108411723,173.70901489257812,56725400
2023-09-25,313.60365734669637,314.67348682106314,312.028659170828,314.5447082519531,17836000,173.12268010832878,175.87555365575165,173.07298629383072,174.99105834960938,46172700
2023-09-26,312.157403521801,312.900328819341,307.09559010844697,309.19561767578125,26297600,173.7388432559087,174.11648285641874,170.5983824508641,170.8965301513672,64588900
2023-09-27,309.35407912600334,311.335213235628,306.7687136232028,309.8394775390625,19410100,171.5524350388733,171.9698357492923,168.00452141810098,169.3759765625,66921800
2023-09-28,308.05643070863107,312.5040972255242,306.53097924919433,310.68145751953125,19683600,168.2927119154032,170.96607801740788,166.58334805459177,169.63436889648438,56294400
2023-09-29,314.7527102170629,316.45648691507375,312.0088501090386,312.7715759277344,24140300,170.95614167013932,171.9996509482002,169.28652379235777,170.15115356445312,51814200
2023-10-02,313.2965460861367,318.853642968879,312.2069162826865,318.76446533203125,20570000,170.16109351938684,173.22204712222216,169.87287852825236,172.67544555664062,52164500
2023-10-03,317.8036293011886,318.3583746883624,308.2743786386628,310.433837890625,21033500,171.1946676938173,172.55620536089927,169.76358598551198,171.33380126953125,49594600
2023-10-04,311.0678050853206,317.02112341032625,311.03808927960966,315.9512939453125,20720100,170.03190052575047,173.13261538484517,169.91264751116213,172.5860137939453,53020300
2023-10-05,316.08009191187585,316.96171125159077,311.9296128245019,316.3475341796875,16965600,172.71520904615178,174.36494660639528,171.61207310700374,173.8282928466797,48527900
2023-10-06,313.5639495318409,326.08473003459227,313.3163077993944,324.1729431152344,25645500,172.72513710071527,176.88922647606876,172.10896117831024,176.39231872558594,57224100
2023-10-09,321.6866495869274,327.1842846242437,320.13145206281695,326.7088317871094,19891200,175.71653078442577,177.94268314929081,174.7127825048992,177.883056640625,42390800
2023-10-10,327.8380929797901,327.976786889985,324.5791488467311,325.2923583984375,20557100,176.99855858071479,178.60853494693302,176.84947714698436,177.28675842285156,43698000
2023-10-11,328.08572430592403,329.6805530737714,326.0352733611334,329.2843322753906,20063200,177.09792315514355,178.7377278666485,176.50164294003199,178.6880340576172,47551100
2023-10-12,327.4517629051347,330.48289571466444,325.61920778349804,328.03619384765625,19313100,178.95636590765267,181.21231619372998,177.93272198255502,179.5924072265625,56743100
2023-10-13,329.2447114865088,330.6810157045469,323.28147794480293,324.6385803222656,21072400,180.29800974299292,180.80485019878847,177.03829605191484,177.74391174316406,51427100
2023-10-16,327.9271996205036,332.969212350469,327.481462599679,329.5022277832031,22158000,175.65688264700373,177.97247448974701,175.41836147728742,177.6147003173828,52517000
2023-10-17,326.4810019480552,330.31449173060963,324.32157295768366,328.9277038574219,18338500,175.55752029881808,177.31657816311466,173.71897053093056,176.05442810058594,57549400
2023-10-18,329.3536175679104,332.4243813643055,325.20313935133987,326.9960632324219,23153600,174.4941311237392,176.48176216718392,174.027036615376,174.7525177001953,54764400
2023-10-19,329.0168595486858,333.7022528617968,327.7885660057624,328.1947021484375,25052100,174.9512775869872,176.74014855708347,174.10654349306773,174.3748779296875,59302900
2023-10-20,328.5909136844565,328.78903919276047,322.38006896236453,323.58856201171875,25012600,174.2258012947257,174.3351216115833,171.57231560127875,171.8108367919922,64189300
2023-10-23,322.3999028221572,329.59143025678,321.33010356372546,326.2135925292969,24374700,169.85302851446286,172.93384778812512,168.87907830418513,171.9300994873047,55980100
2023-10-24,328.17489625981995,328.7098110039759,324.5098158135801,327.41217041015625,31153600,171.9797831493734,172.59594393485276,170.3896722111032,172.36737060546875,43816600
2023-10-25,341.76542431146135,342.9343163763204,334.4352343674985,337.45648193359375,55053800,170.81702981156988,171.98972493811345,169.59462570782657,170.04185485839844,57157000
2023-10-26,337.3277257655851,338.40744026763304,323.8560072767667,324.79705810546875,37828500,169.31635357139493,170.32011700092076,164.64542343181446,165.85787963867188,70625300
2023-10-27,327.3130908782091,333.54376661625815,325.3022408050966,326.6989440917969,29856500,165.8777610074826,167.91508596598229,165.79825394187426,167.17965698242188,58499100
2023-10-30,330.26499849048633,336.24803256583084,328.699885458302,334.1282043457031,22828100,167.97471206696315,170.11140947897792,167.82563063265053,169.23684692382812,51131000
2023-10-31,335.6536639809817,335.8022429983136,331.5329012652958,334.9206237792969,20265300,168.30268134414578,169.84308342389463,166.86163656333878,169.71389770507812,44846000
2023-11-01,336.5847522408284,344.1427829023987,336.4460583576379,342.8055114746094,28158800,169.94245541165574,173.15247532339345,169.0678928937645,172.8940887451172,56934900
2023-11-02,343.96450290123875,345.53950092957126,341.5178010064738,345.0343322753906,24348100,174.43450739060134,176.68052504619254,174.37488088465793,176.47183227539062,77334800
2023-11-03,346.33196525386137,351.0470741224753,344.05364288310676,349.4720458984375,23624000,173.16244148240884,175.7264876371941,172.27794617495533,175.55752563476562,79763700
2023-11-06,350.1159671496507,354.1673831180291,350.01690438987146,353.1669006347656,23828300,175.28920139472822,178.3203268607263,175.12025456148152,178.12156677246094,63841300
2023-11-07,356.0098047464276,359.0409376119259,354.25651188648914,357.129150390625,25833900,178.07186894277902,181.31171744967662,177.8631761623555,180.695556640625,70530000
2023-11-08,358.2683054606333,360.4376498521563,357.1489597884209,359.77398681640625,26767800,181.22227266382137,182.31546067653568,180.466963136192,181.75892639160156,49340300
2023-11-09,358.8824572522027,361.34898994935685,356.9607546115584,357.28765869140625,24847300,181.82850773747478,182.98132230147056,180.6856107058037,181.2819061279297,53763500
2023-11-10,358.0800910344148,366.6088894784068,357.6640697813667,366.1829528808594,28042100,183.07312579736603,185.66045656490678,182.63526841968368,185.49127197265625,66133400
2023-11-13,364.7466121416856,364.99425391218455,362.44848925632533,363.22113037109375,19986500,184.91409464160964,185.12306234297503,183.31194313207843,183.89906311035156,43627500
2023-11-14,367.510322951988,368.44145847858766,363.88484360517197,366.77728271484375,27683900,186.78494160849297,187.1929464637487,185.3917728154259,186.52621459960938,60108400
2023-11-15,368.52421338899586,370.3604880235156,364.385151432171,366.9261779785156,26860100,186.93422111937653,188.57617115328318,186.86455508690236,187.0934295654297,53790500
2023-11-16,368.2066086689788,373.55661691809644,367.43239928816575,373.3779602050781,27182300,188.6458393678413,190.02906240656043,187.73031107433965,188.78515625,54412900
2023-11-17,370.836899022974,371.59126768484566,364.2759756899048,367.1048278808594,40157000,189.3224957374494,189.45186682219116,187.65069333955432,188.76522827148438,50922700
2023-11-20,368.46465493528996,376.0578674563183,368.24628665339475,374.63848876953125,52465100,188.9642701544006,190.97442674127328,188.95432437160065,190.51666259765625,46505100
2023-11-21,372.88164166541463,373.42754723095845,368.3653953944815,370.3009338378906,28423100,190.47685219685218,190.586316538311,188.8149955106325,189.71060180664062,38134500
2023-11-22,375.1943517807251,376.97107425610585,372.18684271222065,375.04547119140625,23345300,190.55646496546896,191.98943200940647,189.89967891341405,190.37733459472656,39617700
2023-11-24,374.5293067346497,375.164570962539,372.35558957569657,374.6285705566406,10176600,189.93947531002817,189.96932784078396,188.3273779116158,189.0438690185547,24048300
2023-11-27,373.983370569386,377.81473568926896,373.40768891461767,375.7997741699219,22179200,188.994117188391,189.74046085550287,187.9790855494866,188.86474609375,40552600
2023-11-28,375.5417478559064,380.15722772173007,375.35315568518746,379.8594665527344,20453100,188.85478346401288,190.1484487418159,188.4766311807352,189.4717559814453,38415400
2023-11-29,380.9115844895604,381.4475545769874,374.63848686971187,376.03802490234375,28963400,189.96933244559008,191.15353347560767,188.04874872654685,188.44679260253906,43014200
2023-11-30,375.6806992801835,377.26882955398304,372.6831257280476,376.09759521484375,30554400,188.9145072113341,189.39217809569718,187.27255720148867,189.0239715576172,48794400
2023-12-01,373.9635547777664,375.3531573911705,368.5539946182593,371.7302551269531,33020400,189.4021261680105,190.626125557136,188.30748269194632,190.3076934814453,45679300
2023-12-04,366.3604043806309,366.7772700166467,360.20641104069097,366.4001159667969,32063300,189.05382196941733,189.12348800008925,186.53615721754525,188.50650024414062,43389500
2023-12-05,363.73005171751413,370.3108153644534,362.90619539616483,369.7549743652344,23065000,189.28270844769884,193.45226890347428,189.2528407319119,192.47705078125,66628400
2023-12-06,370.76742977916007,371.40266366541096,365.2983177372751,366.0625915527344,21182100,193.50202134703213,193.81050761672594,191.17343287476277,191.38241577148438,41089700
2023-12-07,365.4969037061903,368.6930051671895,363.60107663142645,368.19671630859375,23118900,192.68602720531442,194.0493433741143,192.64621370853777,193.32290649414062,47477700
2023-12-08,366.4596372467687,371.6805744716675,365.4968358282561,371.4523010253906,20144800,193.25324166018223,195.03452363413496,192.72582670763535,194.75588989257812,53377300
2023-12-11,365.74502144580043,368.8418588508799,363.3826818047021,368.5440673828125,27708800,192.16855411471755,192.54670640437527,190.48679074363935,192.2382049560547,60943700
2023-12-12,368.0973986711949,371.6409078734443,367.7102788783657,371.6011962890625,24838300,192.13871428631938,193.77071848752672,190.7853438376791,193.76077270507812,52696900
2023-12-13,373.22902508797654,374.8370262739431,368.0179925924657,371.5912780761719,30955500,194.13891526178818,197.03473239733867,193.90009500114147,196.99493408203125,70404200
2023-12-14,370.5391871791712,370.98585927074276,361.4273309560846,363.2139587402344,43277500,197.05462270758053,198.64681332186495,195.20368991997998,197.14418029785156,66831600
2023-12-15,364.12712629226513,369.6359202745136,363.56134974741,367.97833251953125,78478200,196.5670132843794,197.4327670575499,196.0395983209077,196.60682678222656,128256700
2023-12-18,366.7078030867766,370.23144141816454,365.9434989554768,369.884033203125,21802900,195.13403475719855,195.67141069754175,193.4423254921639,194.9350128173828,55751900
2023-12-19,368.73265069542646,370.4895324707031,367.09490367915254,370.4895324707031,20603700,195.20369275359957,195.98983469805682,194.9350047944863,195.97988891601562,40714100
2023-12-20,372.2166048992151,373.238958629029,367.77978175717385,367.8691101074219,26316700,195.94008865557052,196.71628487042167,193.88018798828125,193.88018798828125,52242800
2023-12-21,369.7946886358752,371.6309631567769,367.2934041212111,370.7674255371094,17708000,195.14398662703297,196.11920471574882,192.55665597684,193.73089599609375,46482500
2023-12-22,370.9063688869684,372.39523520102114,369.9435674589051,371.7996826171875,17091100,194.22845757962483,194.45734722393942,192.02924020237552,192.6561737060547,37122800
2023-12-26,372.21662316069603,374.1422262477994,370.72775666805325,371.879150390625,12673100,192.66612369019674,192.94475743470915,191.88992751842636,192.10885620117188,28919300
2023-12-27,370.916333723745,372.2761602183441,370.042860570438,371.29351806640625,14905400,191.55158790358445,192.5566585360189,190.15840400250286,192.20835876464844,48087700
2023-12-28,372.58383518172906,373.6657410910667,371.38282481133604,372.4945068359375,14327000,193.19355905178492,193.7110282824159,192.2282866262087,192.63629150390625,34049900
2023-12-29,373.2092202947246,374.36061407737054,370.7079353613636,373.2489318847656,18723000,192.9547010641641,193.452263485871,190.7952819760843,191.5913848876953,42628800
2024-01-02,371.0850150932894,373.10988170470523,364.0476441492355,368.1172180175781,25258600,186.2376030973938,187.52132261231023,182.9935016661129,184.73497009277344,82488700
2024-01-03,366.27107889368324,370.4895337976216,365.7747900814552,367.8492736816406,23083500,183.32189307602442,184.973803899141,182.53573597559208,183.35174560546875,58414500
2024-01-04,367.9187627219721,370.3307190883081,364.4447410237536,365.2090148925781,20901500,181.261998363711,182.19741821935423,179.99820064627082,181.02317810058594,71983600
2024-01-05,366.23136215621287,369.2984233377166,363.7796942466461,365.0204162597656,20987000,181.10275568341567,181.86899079530576,179.29162138026078,180.29669189453125,62303300
2024-01-08,366.5588972016775,372.41512930069973,366.2710715059576,371.9089050292969,23134000,181.20228054123743,184.6951784875532,180.6151605231867,184.65536499023438,59144500
2024-01-09,369.2487904298809,373.19922976065686,368.43486955500396,373.000732421875,20830000,183.02335798455337,184.24735728099782,181.83915700040632,184.23741149902344,42841800
2024-01-10,373.5764338531353,381.3185574608793,373.5268170885799,379.9289245605469,25514200,183.4512616231925,185.49125530087693,183.02335006640843,185.28228759765625,46792900
2024-01-11,383.1349730187258,387.78022915230946,377.5566914705678,381.775146484375,27850800,185.6305920580053,186.13811547472974,182.7248291738061,184.6852264404297,49128400
2024-01-12,382.6287471140417,385.79507222848605,381.79498552621925,385.5866394042969,21645700,185.1529277118819,185.8296205077815,184.2871739488164,185.01361083984375,40444700
2024-01-16,390.73811320122354,391.10536207750914,384.74293583850687,387.3732604980469,27202300,181.27193705900044,183.361690026594,180.04792262326768,182.73477172851562,65603000
2024-01-17,385.1002926080357,387.21445758579864,381.9538080881543,386.5792236328125,22234100,180.38628371133655,182.03817940296344,179.42101140332082,181.78939819335938,47317400
2024-01-18,388.81249742822837,391.0656376681701,387.2243672151433,390.946533203125,23392100,185.18277784532793,188.21791164443712,184.9240508532924,187.7104034423828,78005800
2024-01-19,392.8224723690641,395.71087646484375,390.5792375757438,395.71087646484375,29272000,188.4069897270921,191.01421197583775,187.89948151982946,190.62611389160156,68741000
2024-01-22,397.05088235950694,397.6464349802882,390.6686156338387,393.56695556640625,27016900,191.36250312836654,194.37773007418247,191.3226896328841,192.9447479248047,60133900
2024-01-23,392.81259552044173,396.415657149676,391.0060969711238,395.939208984375,20525900,194.06926140547006,194.79569832767794,192.88506035011693,194.2284698486328,42355600
2024-01-24,398.5596032745269,402.61924187375655,397.47769736538817,399.572021484375,24867000,194.4672860626603,195.42261254918643,193.39254945946814,193.55177307128906,53631300
2024-01-25,401.318993103645,403.9890293414655,399.54227067121064,401.8648986816406,21021200,194.26827279243787,195.31315691300077,192.1685587692801,193.223388671875,54822100
2024-01-26,401.3685908061273,403.15524862311014,399.4429878794264,400.9318542480469,17803300,193.32290534776368,193.8105067973861,191.00426266727368,191.48191833496094,44594000
2024-01-29,403.0460564049105,406.93697391119514,401.3288862582104,406.67889404296875,24510200,191.07390655519137,191.26298269587747,188.65576059016195,190.79527282714844,47145600
2024-01-30,409.2000546460513,409.984169147339,403.4331811629269,405.5572814941406,33477600,190.00914701951908,190.86495502370778,186.55606247111587,187.12327575683594,55859400
2024-01-31,403.9394119853898,412.2373773020663,394.2617794181789,394.6290283203125,47871100,186.12815142243116,186.18787167030365,183.45127824224116,183.5010223388672,55467800
2024-02-01,398.8474510298594,404.97166826278436,398.8176749129533,400.7829895019531,30657700,183.09303209854838,186.03859323945602,182.9238626911125,185.94903564453125,64885400
2024-02-02,400.812751597778,409.5871338016017,400.5646072018857,408.1677551269531,28245000,178.9831513103476,186.41673495449575,178.3761245608121,184.94395446777344,102518000
2024-02-05,406.8575539393165,408.1082114138597,400.9914166630484,402.63909912109375,25352300,187.23272451786957,188.32736786854025,184.9339886658605,186.7650146484375,69668800
2024-02-06,402.8674054523912,404.94188902369723,399.9194487371533,402.48028564453125,18382600,185.94902917871246,188.38708201253658,185.8594715869018,188.37713623046875,43490800
2024-02-07,404.41582217019675,411.22489000694316,404.37611058446277,410.97674560546875,22340500,189.71058674763896,190.11859155018027,187.69048466648928,188.48658752441406,53439000
2024-02-08,410.97676368228065,412.47556562625147,409.4680565597391,411.03631591796875,21225300,188.46669218310572,188.6159548348253,186.4366441977198,187.40191650390625,40962000
2024-02-09,412.1678180210386,417.6964821154021,412.0090019818164,417.428466796875,22032800,187.96985257532495,189.30503301755343,187.3222021069975,188.1691436767578,45155200
2024-02-12,417.4384138139534,417.6170705038726,411.67154064674395,412.1777648925781,21202900,187.74067569026312,187.98977434952795,186.11654756664825,186.47525024414062,41781900
2024-02-13,401.93437624738726,407.0263041880398,400.3958930819754,403.30413818359375,27824900,185.10024282819998,185.53865891732192,182.84838113476025,184.37286376953125,56529500
2024-02-14,405.7901598689575,407.55026012610176,402.309714028661,407.20220947265625,20401200,184.6518638454696,184.8610982078661,181.78224238811126,183.48606872558594,54630500
2024-02-15,405.8597944956463,406.844253795532,402.0312978280853,404.2886047363281,21825500,182.88824837462906,183.82486181575325,180.69618309757163,183.19712829589844,65434500
2024-02-16,405.68078706857665,406.00896040801706,401.1860504791686,401.8025817871094,22281100,182.75870865343296,184.18356093832674,181.015017979917,181.6527099609375,49701400
2024-02-20,400.98710999983217,402.2301263167616,395.7863491519294,400.5396423339844,24307900,181.134577279735,181.77226924950583,179.3510375405212,180.90541076660156,53665600
2024-02-21,397.9342947827931,400.0424456526566,395.0007640638113,399.93304443359375,18631100,181.28405435734408,182.23062628266825,180.00867035619171,181.66268920898438,41529700
2024-02-22,407.89832401951116,410.52355890092315,406.2873796052456,409.35015869140625,27009900,182.81847067506192,184.29314557915657,181.80215916466838,183.70526123046875,52292200
2024-02-23,413.34772439674856,413.53663497455545,406.68514420153736,408.0474853515625,16295900,184.3429666556088,184.37285727847149,181.57299077597804,181.86195373535156,45119700
2024-02-26,409.1612049093751,409.8573062169829,405.0841051371281,405.26312255859375,16193500,181.5829745492965,182.10108884357552,179.99869543060538,180.50686645507812,40867400
2024-02-27,405.71062129384273,406.0387946357455,401.5937665324974,405.2034912109375,14835800,180.44709016818916,183.25691537721377,178.91263378276827,181.97157287597656,54318900
2024-02-28,405.89956023265023,407.0132981269282,403.0555531345534,405.442138671875,13183100,181.85199678307725,182.45979817680953,179.48058766314844,180.76593017578125,48953900
2024-02-29,406.35700528147635,411.8859399826613,403.65220029227874,411.3290710449219,31947300,180.61647239906964,181.91178855608587,178.88274013933005,180.0983428955078,136682600
2024-03-01,408.97227149463464,413.54657789991296,408.58446615968444,413.17864990234375,17800300,178.9026640457765,179.87912655443867,176.74048946042234,179.01226806640625,73488000
2024-03-04,411.1301558754575,415.0183147511929,410.01641805524184,412.6018981933594,17596000,175.51490641269265,176.26220237846417,173.16341449891394,174.4687042236328,81510100
2024-03-05,411.647262039844,411.9356503526025,398.4017018502844,400.40045166015625,26919200,170.14436011546877,171.4197441647657,169.00847072144566,169.5066680908203,95132400
2024-03-06,400.71865529372803,402.8964224494763,396.16425656691945,399.84356689453125,22344100,170.44326190896186,170.6226208472031,168.0718378391885,168.51025390625,68587700
2024-03-07,403.8510400518644,407.4905956100929,399.99271239952117,406.85418701171875,18718500,168.5401544147667,170.1144598371159,167.8825454793763,168.3907012939453,71765100
2024-03-08,405.6807696131603,408.12704774835913,402.07104511712214,403.95050048828125,17971700,168.39071277485013,173.07376505978579,168.3309315224457,170.11447143554688,76114600
2024-03-11,401.50424592249806,403.4135020941874,399.01821315419863,402.2599792480469,16120800,172.31649942978052,173.75131021022753,171.42970876738985,172.12718200683594,60139500
2024-03-12,405.3426614260634,413.2482576798519,404.5173119089149,412.9598693847656,22457000,172.52572483722957,173.40255698056936,170.39344092810595,172.60543823242188,59825400
2024-03-13,415.76415382654346,415.8436935276916,409.15131229350845,412.7809143066406,17115900,172.14711771653415,172.56560166885345,170.14435462584885,170.51303100585938,52488700
2024-03-14,417.89217194553146,425.42984060788893,415.6547423607053,422.8443603515625,34157300,172.28659461404473,173.68154097803347,171.42969464651588,172.3762664794922,72913500
2024-03-15,416.9474972557258,420.23900234731536,410.48381179475484,414.0935363769531,45049800,170.5528808562992,171.99765014648438,169.6760486454164,171.99765014648438,121664700
2024-03-18,411.93563927933707,418.3794472894522,411.4682638941532,414.9884948730469,20106000,174.93702524630143,177.06930930187292,172.89441306506424,173.09368896484375,75604200
2024-03-19,415.4956478647297,419.3142212017465,413.2283870161096,419.0556640625,19837900,173.7114580811964,175.97327843397125,172.40618338367324,175.4451904296875,55215200
2024-03-20,419.6423437252515,423.58021124975613,418.309833763603,422.85430908203125,17860100,175.08645689941312,178.02581787109375,174.45872344849863,178.02581787109375,53423100
2024-03-21,427.42855188114163,428.41304144575804,424.7734860074544,426.97113037109375,21296200,176.41168117904223,176.8500972709565,170.22406352502733,170.7521514892578,106181300
2024-03-22,427.29935454529834,427.45843394827926,423.689629855147,426.3446960449219,17636500,171.14072980755137,172.42608734653942,169.44686204033275,171.6588592529297,71106600
2024-03-25,422.8642362176382,425.0221260957636,419.2545116444842,420.4975280761719,18060500,169.9550500090239,171.32010587263267,168.83907761478048,170.23403930664062,54288300
2024-03-26,423.23217922136354,423.6100610855182,418.9959997080953,419.2943115234375,16725600,169.38709229314748,170.80197088667242,168.96860836017046,169.09814453125,57388400
2024-03-27,422.0687243304564,422.0786781731288,416.6690681514724,419.0755310058594,16705000,169.79561181348092,172.97411310204996,169.49669038501753,172.68515014648438,60273300
2024-03-28,418.60812574882544,419.5130453021147,416.77840930540117,418.3694763183594,21871200,171.1307861915964,171.60905138066403,169.8952513157474,170.86175537109375,65672700
2024-04-01,421.581436276879,425.49942622936265,419.8610907281335,422.1979675292969,16316000,170.5728137058907,170.6325949561908,168.86897205345468,169.4169921875,46240500
2024-04-02,417.76289325444293,420.02023052369515,415.5055863322716,419.0854797363281,17912000,168.47041766713258,168.72947481572177,167.62347609078947,168.2312774658203,49329500
2024-04-03,417.38500404987406,420.8952809331748,416.7485651257134,418.1009826660156,16502300,168.1814453345995,170.0646306043195,167.97221097339488,169.03834533691406,47691700
2024-04-04,422.61561166210583,426.2750749166042,415.2370834893159,415.54534912109375,19370900,169.67605100414067,171.30017927084614,168.21136474609375,168.21136474609375,53704400
2024-04-05,417.66344377349407,424.127128736723,415.98288325528824,423.14263916015625,16544300,168.97855588471026,169.77567460225572,168.3408639514289,168.96859741210938,42055200
2024-04-08,422.7946415969465,424.89283872354207,420.9350635621418,422.2178649902344,14272400,168.42059262733576,168.58997789957206,167.6334475147346,167.84268188476562,37425500
2024-04-09,424.05754724607453,425.35027220569395,419.26446856697675,423.8984375,12512300,168.09176931793073,169.46679875844995,167.74304032326918,169.0582733154297,42451200
2024-04-10,419.83129534027074,421.661011916909,417.3552162776753,420.89532470703125,16216600,168.19142141332685,168.48036917466098,166.50751200767976,167.1750946044922,49709300
2024-04-11,423.4410178927454,426.9711724620608,420.00032651884925,425.5392150878906,17966400,167.73307888899373,174.8274194382653,167.55373514215378,174.40892028808594,91070300
2024-04-12,421.68088994748047,422.804581678046,417.42480282053265,419.54290771484375,19232100,173.63173034934167,177.71695459263955,173.58192277868224,175.91348266601562,101593300
2024-04-15,424.21665700659,424.43542911406485,411.12022243295877,411.3290710449219,20273500,174.72777001691693,175.993195505436,171.87808065130085,172.06739807128906,73531800
2024-04-16,412.2538399328981,416.0624286957439,411.4185365831452,412.2637634277344,16765600,171.1307833718662,173.13353117115574,167.6633342016507,168.7693328857422,73711200
2024-04-17,414.91887160320215,416.53976983372166,408.0375195051445,409.5390930175781,15855500,168.99849837401,170.0347421275801,167.39430236816406,167.39430236816406,50901200
2024-04-18,408.3358663111444,409.5888365595163,401.6931939204708,402.0113830566406,21029900,167.4241802492927,168.0319815519269,165.94952052629202,166.437744140625,43122900
2024-04-19,401.77273939113434,403.21465058171344,395.54770342907875,396.8901672363281,30276500,165.610765092168,165.80006730864108,163.48843957599198,164.40512084960938,67772100
2024-04-22,397.84479074255864,400.5993345281771,393.5389952527112,398.7198791503906,20286900,164.9232423149658,166.65695922918923,164.17594634744867,165.24208068847656,48116400
2024-04-23,401.98155601580095,405.9194538806366,400.8081557996997,405.29296875,15734500,164.75386398167788,166.44773187185876,164.32540636965405,166.2982635498047,49537800
2024-04-24,407.2718647995056,410.1656108320905,404.50739733751277,406.774658203125,15065300,165.93955957507254,168.68961856026672,165.61076271741103,168.41062927246094,48251800
2024-04-25,391.828618752875,397.6558956886126,385.8621397543202,396.8106384277344,40586500,168.91879363485126,169.9949017439694,167.54376407257087,169.27749633789062,50558300
2024-04-26,409.8672802562405,410.6926298157454,403.49308834069507,404.0499572753906,29694700,169.26753170576032,170.72225941243215,168.57004327249933,168.6896209716797,44838400
2024-04-29,402.98589422156016,404.04992348343285,396.95975348095465,400.0026550292969,19582100,172.74492977704497,175.39534310552878,172.47591417733986,172.8744659423828,68169400
2024-04-30,399.24691335771746,399.91318350003166,386.99576679782797,387.15484619140625,28781400,172.70508045160457,174.35909916149876,169.38708455902474,169.7158966064453,65934800
2024-05-01,390.41652094109105,399.4756402555506,388.129382901202,392.7335205078125,23562500,168.96861026347364,172.08733045132695,168.50030355143892,168.6896209716797,50383100
2024-05-02,395.43832249311964,397.6956293365983,392.4451293093816,395.6173095703125,17709400,171.8880442050533,172.7947670308616,170.27388965643632,172.4061737060547,94214900
2024-05-03,400.03249681413615,404.87528370911673,399.61482996343045,404.3880310058594,17446700,185.97705638865938,186.32580059963428,182.00145144318,182.71885681152344,163224100
2024-05-06,406.4763207105219,411.61741959801225,404.09965876333644,411.2296142578125,16996600,181.6925778578994,183.5358989126904,179.76952819965473,181.0548858642578,78569700
2024-05-07,412.3433243290322,412.3532781707269,406.804436285041,407.05303955078125,20018200,182.78860333233249,184.23337259597065,180.66629297548113,181.7423858642578,77305800
2024-05-08,405.8896445244435,409.9269596422026,404.4377794192568,408.24639892578125,11792300,182.19078078525484,182.4099888401396,180.7958190538269,182.0811767578125,45057100
2024-05-09,408.27622591252214,410.4142081765272,406.81443732648563,410.0164489746094,14689700,181.90180851615733,183.9942434045937,181.4534339554284,183.90457153320312,48983000
2024-05-10,410.6329506272042,413.05932103483843,409.4993051191923,412.4228820800781,13402300,184.4832417440643,184.67281593274453,181.71949609935797,182.63742065429688,50759500
2024-05-13,415.674640662803,416.01273748411734,408.52480785647384,411.4085998535156,15440200,185.022050078909,186.67831235597092,184.20389092118026,185.8601531982422,72044800
2024-05-14,409.7180829864954,415.1575239695539,409.25070760597373,414.23272705078125,15109300,187.0873746193062,187.87560260141976,185.87012310151908,187.00755310058594,52393600
2024-05-15,416.31478463063036,422.20237002831465,415.68716952908693,421.4751281738281,22239500,187.48648604697289,190.2203008031565,186.9476945906926,189.2924041748047,70400000
2024-05-16,420.20002201107366,423.80631621551015,418.7555403717738,419.3930969238281,17530100,190.04070957734746,190.66929452090585,189.23253763528552,189.41212463378906,52845200
2024-05-17,420.93720657305465,421.31577000047076,416.4443044242217,418.61602783203125,15352200,189.082873144053,190.3799462232965,188.75361507763282,189.4420623779297,41282900
2024-05-20,418.61604731326383,425.1511614328831,418.396880603077,423.7265930175781,16272100,188.90328335886426,191.48744227389747,188.58399727816297,190.6094207763672,44361300
2024-05-21,425.2109282566258,431.3276525035277,423.23845828138275,427.4125671386719,21453300,190.65930352654095,192.295606563888,190.48968851208156,191.91647338867188,42309400
2024-05-22,428.4585707536916,430.76977778184096,425.5098071947049,428.8869323730469,18073700,191.83666445590288,192.3854279059742,189.84117207338795,190.46974182128906,34648500
2024-05-23,431.3276350167133,431.9552501295072,423.806286262839,425.3802795410156,17211700,190.54955125962866,190.5695104450197,186.20936473753514,186.45880126953125,51005900
2024-05-24,425.5695849033528,429.42490035124973,422.80013121816387,428.5283203125,11845800,188.3944296603675,190.15045735054443,187.61617368042806,189.5518035888672,36294600
2024-05-28,428.00029803642946,429.18578646553686,424.98179289048926,428.68768310546875,15718000,191.07836129474845,192.5650085513949,188.67380462379438,189.56179809570312,52280100
2024-05-29,424.0752731477367,429.3053588233618,424.0752731477367,427.5420837402344,15517100,189.18265440509,191.81670371975596,189.0828736970108,189.86111450195312,53068000
2024-05-30,422.6905221136095,422.6905221136095,412.66868439774686,413.0970764160156,28424800,190.33005195445256,191.74684967437963,190.2003553062749,190.85885620117188,49947900
2024-05-31,415.16917849985816,415.16917849985816,402.97561715504287,413.5553283691406,47995300,191.00852422632752,192.13598224075488,189.4819738440947,191.8166961669922,75158300
2024-06-03,413.95380136857847,414.85038138867975,407.36888915692555,411.951416015625,17484700,192.46520870740554,194.55050954143104,192.0860755575436,193.59266662597656,50080500
2024-06-04,410.8655529993055,414.86035189643934,408.1259843675055,414.49176025390625,14348900,194.20129645164835,194.87977170290745,192.59492465346364,193.91195678710938,47471400
2024-06-05,416.22514771727197,422.47135321415044,414.72086576752366,422.4016418457031,16988000,194.95958593724887,196.45620511862302,194.43078171111515,195.42852783203125,54156800
2024-06-06,422.40162321221555,423.69667979403914,418.9846110399524,422.90966796875,14861300,195.24893596907827,196.05710787096342,193.7323576402732,194.04165649414062,41181800
2024-06-07,424.58334054159934,424.6630237069637,421.3954666942958,422.24224853515625,13621700,194.21128637904513,196.49613363963536,193.70244131187536,196.4462432861328,53103900
2024-06-10,423.08902037615866,426.4561736654937,422.28209533796144,426.2469787597656,14003000,196.45620195884163,196.85530953542744,191.7169079607164,192.68472290039062,97262100
2024-06-11,423.8660564891145,431.17821034370814,423.6369179932823,431.0387268066406,14551100,193.21353266624035,206.6930926736998,193.1935887051364,206.68310546875,172373300
2024-06-12,433.6687456637979,441.7180831231833,431.6065903189822,439.386962890625,22366200,206.902617394007,219.7037025197263,206.43367547843766,212.58978271484375,198134300
2024-06-13,439.1777872502892,441.70816111194614,437.7033901966821,439.9049987792969,15960600,214.25601418934664,216.2614784743462,211.12309188063193,213.75714111328125,97862700
2024-06-14,436.61749981653395,441.4590805041377,435.06341969503586,440.8912353515625,13582000,213.36801320894725,214.68503016669274,210.8237575657328,212.01107788085938,70122700
2024-06-17,440.91114611586056,449.2294786395013,439.04824433956117,446.6692199707031,20790000,212.88909055319678,218.45651588142053,212.2405616472853,216.18165588378906,93728300
2024-06-18,448.00415421057704,448.4325462425365,443.2024605110735,444.6469421386719,17112500,217.09957203800778,218.13723651623954,212.5199210550432,213.8070068359375,79943300
2024-06-20,444.60706863615064,444.836207137568,439.59614980649565,444.0093688964844,19877400,213.44783400509766,213.75714811087835,208.37929678381894,209.20741271972656,86172500
2024-06-21,445.68299287159783,448.87083631771554,444.8162978396789,448.0738830566406,34486200,209.91581187096148,211.41243109582913,206.64320571720273,207.02235412597656,246421400
2024-06-24,448.09381883309726,451.0326411348473,444.7166934969366,445.971923828125,15913700,207.25181639438415,212.22058759649926,206.1243584552299,207.67086791992188,80727000
2024-06-25,446.54967056310835,449.7076593011684,445.05536045525633,449.23944091796875,16747500,208.67859169129048,210.90357646615678,208.13981549353107,208.59878540039062,56713900
2024-06-26,447.29683770913255,451.87939491079237,446.4899126612236,450.4448547363281,16507000,211.0233076661301,214.37573529051122,210.16524538059215,212.7693634033203,66213200
2024-06-27,450.4647607669407,454.43964637133854,450.0563123513601,451.1322326660156,14806300,214.2061287476001,215.25376527623442,211.8714063519454,213.61746215820312,49772700
2024-06-28,451.3514193859445,453.65265464759193,444.7166784906869,445.254638671875,28362300,215.28368048569334,215.58300736088682,209.8260080950157,210.14527893066406,82542700
2024-07-01,446.9581321622781,455.6350845987226,443.9695118583906,454.9975280761719,17662800,211.61197396968475,217.01975619065925,211.4423589537816,216.261474609375,60402900
2024-07-02,451.48091804269,457.8466634618686,451.39123268024355,457.537841796875,13979800,215.66281990345283,219.88329699479613,214.61519864650157,219.77354431152344,58046200
2024-07-03,456.4519861681576,459.27123797386463,456.143164499039,459.0221862792969,9932800,219.50414962607874,221.0506591796875,218.53633465750286,221.0506591796875,37369800
2024-07-05,457.8665819543775,466.5734498542255,457.2290254263628,465.78643798828125,16000300,221.15041758535088,225.93960192344272,221.15041758535088,225.82984924316406,60412400
2024-07-08,464.7802572139819,465.9259193229851,462.69818870917646,464.471435546875,12962300,226.57816816685514,227.33646497984205,222.74682662809306,227.30653381347656,59085900
2024-07-09,465.2285691118471,465.55730397446223,456.26270803688647,457.796875,17207200,227.41627168952732,228.8829597417087,225.85979013808537,228.16458129882812,48076100
2024-07-10,459.4704958685422,464.6906097078431,457.1194320404737,464.4814147949219,18196100,228.78318145764177,232.55466045949046,228.73329110826765,232.4548797607422,62627700
2024-07-11,461.22381037027674,463.0169703529818,449.8371441541028,452.9752197265625,23111200,230.86848076037649,231.86622690917008,225.26115227596378,227.05709838867188,64710600
2024-07-12,452.6065993751412,454.6288978616777,448.94056583137933,451.8295593261719,16324300,228.40404188598967,232.11565870158282,228.1645773343909,230.0203857421875,53046500
2024-07-15,451.58053696342466,455.52553783912686,449.7176350841416,452.238037109375,14429400,235.94700263838575,236.69531224247876,232.5646438368613,233.87168884277344,62631300
2024-07-16,452.4970646024392,452.5767477715214,444.9657434486552,447.81488037109375,17175700,234.4703432233226,235.73748508570134,231.80636285277686,234.29075622558594,43234300
2024-07-17,440.91115096654386,443.16258799675774,437.51408223046485,441.8376159667969,21778000,228.9328431112231,230.93832254659503,226.12917896312734,228.3641357421875,57345900
2024-07-18,442.65452718481316,442.9633488615893,432.7522291311158,438.6995849609375,20794800,229.76097042757166,229.92061345724463,221.7690296564846,223.67471313476562,66034600
2024-07-19,431.4571662650149,439.4666773586476,430.36133271708457,435.4519348144531,20940400,224.31328836166992,226.28882140195597,222.77675082247163,223.80442810058594,49151500
2024-07-22,440.11419496144765,442.9135335372959,437.2451146156544,441.25982666015625,15808800,226.4983442399413,227.26661302541467,222.58718122432802,223.45523071289062,48201800
2024-07-23,442.2161890427922,446.6891782136702,441.4192357696415,443.16259765625,13107100,223.86429647317826,226.42851135969482,222.1781030613285,224.5028533935547,39960300
2024-07-24,438.7792775544404,439.80536929637776,425.9680428717,427.2730712890625,26805800,223.4951246791964,224.29332459793014,216.64061389677994,218.04742431640625,61777600
2024-07-25,427.1734408135737,428.1696475602488,415.9262885329197,416.8128967285156,29943800,218.4365585703147,220.35224458682225,214.13627507494223,216.99981689453125,51391200
2024-07-26,416.61367127993725,427.29300876037615,415.6871759053529,423.6568298339844,23583800,218.20707238174316,218.99530033853074,215.52313289555326,217.46875,41601300
2024-07-29,429.942906663257,430.51075182155637,423.0890295874203,425.111328125,15125800,216.47100932714253,218.80573164190093,215.26372979848315,217.7481231689453,36311800
2024-07-30,426.09757640796397,427.4225180835465,415.77685808571965,421.3157958984375,32687600,218.6959746261333,219.8334045947242,215.63288672795753,218.30685424804688,41643800
2024-07-31,418.90496110695756,420.18010460008077,410.64639818879624,416.76312255859375,42891400,220.94091084366266,223.3155515626994,220.13273889458495,221.5794677734375,50036300
2024-08-01,419.19386562327855,425.838547918417,411.52306114392917,415.5278015136719,30296400,223.86429233538576,223.9740450176905,216.53086747941563,217.8678436279297,62501000
2024-08-02,410.9253177730246,413.42580647571236,402.80623873826266,406.94049072265625,29437900,218.65604975341137,225.0915242198944,217.21930817086155,219.3644561767578,105568600
2024-08-05,387.6937956010728,399.51876489974967,384.1173866027343,393.6510925292969,40709200,198.64127617987643,213.0188017705649,195.55824424838744,208.79833984375,119548600
2024-08-06,398.48271248363807,404.1312183098937,396.9884023118245,398.09417724609375,24946500,204.83728149035767,209.51671322927783,200.6168196653937,206.76292419433594,69660500
2024-08-07,407.08996403891814,408.5244738707381,395.9623206324772,396.9186706542969,20650900,206.43367474426563,213.15848935419993,205.9248296826355,209.34710693359375,63516400
2024-08-08,400.9134544113508,404.32046453514727,398.42293748970286,401.1625061035156,20203000,212.6296774525561,213.71721707569145,208.35932525259923,212.8292236328125,47161100
2024-08-09,402.4974166714437,406.5021569084041,400.73414164807366,404.4798583984375,19276700,211.62197118803232,216.29141600978787,211.4922593126285,215.7526397705078,42201600
2024-08-12,405.5159279147697,407.2094915951495,402.7066175092627,405.2668762207031,16762900,215.83255236617862,219.26875909808805,215.36306766380915,217.2909393310547,38028100
2024-08-13,408.03632788850376,413.3760119926634,408.01641469772835,412.4395751953125,19414300,218.76929897291208,221.646138683676,218.76929897291208,221.02682495117188,44155300
2024-08-14,413.22656400495976,416.13550120626286,410.88550237176327,415.27874755859375,18267000,220.3276035510778,222.7848915052682,219.45854930599305,221.47633361816406,41960600
2024-08-15,418.9613804533999,420.2687611144248,416.82567123071317,420.1889343261719,20752100,224.35317447515422,225.10235023777113,222.5151850202656,224.47303771972656,46414000
2024-08-16,419.7597830235576,420.4982949962473,416.46635708464305,417.634033203125,22775600,223.67391069385005,226.5807162697698,223.40420315535758,225.80157470703125,44340200
2024-08-19,418.12305390999944,420.90748898024606,415.6280480476388,420.68792724609375,15234000,225.4719428035102,225.74165035068273,222.79488010428776,225.64175415039062,40687800
2024-08-20,420.85760258271205,425.0092655510223,420.7977248783259,423.9513854980469,16387600,225.52188562847152,226.92034094772856,225.20222998863,226.2610626220703,30299000
2024-08-21,423.2328164492432,425.5481891739701,420.87754555991404,423.292724609375,16067300,226.2710625686077,227.7294495174454,224.80267685471037,226.15118408203125,34765500
2024-08-22,423.51227773093285,425.93744667495105,413.78175447140427,414.7198791503906,19361900,227.53966079897057,228.08905941841815,223.65393636981634,224.2832489013672,43695300
2024-08-23,416.14702033916933,418.4224644213377,411.2667743519609,415.9573974609375,18493800,225.41200238324527,227.96918649391685,224.0834622297127,226.5906982421875,38677300
2024-08-26,415.53822251165116,416.4464082807184,410.51827204332665,412.6639709472656,13152800,226.5107917661563,227.03022456881217,223.64395069142014,226.93032836914062,30602200
2024-08-27,412.03522191159976,413.53222538686055,409.4304504838206,413.0132751464844,13492900,225.75162066501636,228.5984945445466,224.64283997153836,227.77938842773438,35934600
2024-08-28,414.05123414353307,414.1709895566114,406.49634878347894,409.77978515625,14882700,227.6695099550691,229.6073802985885,225.4319662685897,226.2410888671875,38052200
2024-08-29,414.11111041255606,421.2068927223571,409.77978373376925,412.29473876953125,17045200,229.8471324488683,232.66402541964027,228.62847197635801,229.53746032714844,51906300
2024-08-30,414.76976956217663,416.655978106258,411.3067002995332,416.30670166015625,24308300,229.93703146120657,230.14679214282077,227.23000295250677,228.7483367919922,52990800
2024-09-03,417.07515113927735,419.04121691819955,406.2168810784247,408.6220703125,20313600,228.29882348382426,228.74832587928796,220.92692932694945,222.52517700195312,50190600
2024-09-04,405.09914307922884,410.41848227651053,403.5622109113736,408.0831604003906,15135800,221.4164072047842,221.53627045160738,217.24099295020864,220.6072998046875,43840200
2024-09-05,406.80570694219614,412.2747707026805,405.31869320908027,407.5741882324219,14195500,221.38642912323468,225.23218875186365,221.2765494057299,222.13560485839844,36615400
2024-09-06,408.2428350994982,409.82965516660903,399.9993260182044,400.8975524902344,19609500,223.7038813850335,224.99247224215048,219.5284824188554,220.57733154296875,48423000
2024-09-09,406.42646799117773,407.83365496197575,401.34663967543116,404.9095153808594,15295100,220.57732363843863,221.0268260349447,216.47183996524672,220.66722106933594,67180000
2024-09-10,407.3845749597779,415.4983085515719,406.8855737804821,413.3725891113281,19594300,218.67940838073807,221.23659254048482,216.49181271910507,219.86810302734375,51591000
2024-09-11,414.66996964762023,423.14299971452004,408.7617824312734,422.1949157714844,19266900,221.21662032032157,222.84481857216005,217.65053646391294,222.41529846191406,44587100
2024-09-12,422.4643720681856,426.5162591700305,418.91148614101724,426.1470031738281,17418800,222.25546946786713,223.30431855196207,219.57842214055833,222.52517700195312,37498200
2024-09-13,424.97932695262114,430.9673410477323,424.61007095648097,429.7298278808594,15874600,223.33429284055268,223.7937787761964,221.66612995902517,222.25547790527344,36766600
2024-09-16,429.7398205223156,432.663960115382,427.36457004232324,430.47833251953125,13834700,216.302019591785,216.98128020943747,213.6849038037586,216.082275390625,59357400
2024-09-17,439.35060036636963,440.96735935499987,431.40647946288897,434.2807312011719,18874200,215.51289221314667,216.6616222741377,214.26426595466958,216.55174255371094,45519300
2024-09-18,434.13103425412396,435.1589754847829,429.5502069957536,429.94940185546875,18898000,217.31091546092293,222.46524827574677,217.30091669603667,220.4474639892578,59894900
2024-09-19,440.3485942013553,440.61804387535744,436.0272269078699,437.81365966796875,21706600,224.74274368478322,229.56743739121873,224.38313871157,228.61846923828125,66781300
2024-09-20,436.34659898883444,438.3625528190564,433.35259186813613,434.4004821777344,55167100,229.7172625160979,232.83382873595048,227.36983908638868,227.94920349121094,318679900
2024-09-23,433.41246330331813,435.5881011366269,429.53024996375467,432.6440124511719,15128900,227.09015412184934,229.19783588273827,225.56183678133013,226.2211151123047,54146000
2024-09-24,432.1350187153662,432.48432563013114,425.24880857311865,428.31268310546875,17015800,228.39870925768025,229.09795215651428,225.48192014495527,227.1201171875,43556100
2024-09-25,428.9713514363913,432.25478780854195,427.7138891426906,431.2467956542969,13396400,224.6827959331431,227.04020291666632,223.77380760174057,226.1212158203125,42308700
2024-09-26,434.2208424719693,434.4304144393862,428.27275694361356,430.4483947753906,14492000,227.05019905798116,228.24887720276465,225.16227678839184,227.26995849609375,36636700
2024-09-27,430.6579556744764,430.98731349999593,426.6160584093853,427.1649475097656,14896100,228.20893469195548,229.26776733886913,227.05020584581527,227.53965759277344,34026000
2024-09-30,427.3545779124989,429.5601850355194,424.5202548923187,429.4403991699219,16807300,229.78718847660608,232.7439422607422,229.39761768078608,232.7439422607422,54541900
2024-10-01,427.59411732607174,427.6240561781871,417.9733600914629,419.849609375,19092900,229.2677705196639,229.3976172900359,223.49412373913023,225.96141052246094,63285000
2024-10-02,421.735816910149,421.9753581830839,415.87754802693416,416.2967224121094,16582300,225.64175566026316,227.12012493395358,222.77491454853467,226.53077697753906,32880600
2024-10-03,416.79573518966424,418.7118826868124,413.46241092439135,415.7079162597656,13686400,224.8925655126969,226.56072831643584,223.0745736591087,225.42198181152344,34044200
2024-10-04,417.4044891108862,418.91148239103603,414.141032422096,415.2288513183594,19169700,227.6495326914976,227.74942888869526,223.88368688105714,226.55075073242188,37245100
2024-10-07,415.16898000097916,416.27674799671047,408.1829635105781,408.7218933105469,20919800,224.25327473060864,225.44196936055414,221.08676038639473,221.4463653564453,39505400
2024-10-08,410.0791746223265,414.8296757293512,407.3546475987459,413.8815612792969,19229300,224.05349542674807,225.73164177618557,223.0046463373399,225.52188110351562,31855700
2024-10-09,415.0292278034618,419.5402177563071,413.47234662969106,416.62603759765625,14974300,224.9824739985636,229.49751090746852,224.58291968465133,229.28773498535156,33591100
2024-10-10,414.4005410260384,416.5163012078428,412.3246790108455,415.0093078613281,13848400,227.5296744960524,229.24778548023318,226.9203442604764,228.7882843017578,28183500
2024-10-11,415.30870917320357,416.2967217455578,412.42446778596707,415.48834228515625,14144900,229.04800351672907,229.15788323697032,227.09015084025384,227.2999267578125,31759200
2024-10-14,416.93544552364324,423.1929399714268,416.6859449273295,418.302734375,16653100,228.44865815944695,231.47532700331138,228.34877720356226,231.04580688476562,39882100
2024-10-15,421.33663401346166,421.6360529989684,414.4304746563672,417.90350341796875,18900200,233.3532605949055,237.22900130875718,232.11461788171079,233.59300231933594,64751400
2024-10-16,414.34064286226896,415.5282376209468,409.66000947414466,415.2887268066406,15508900,231.34547369396782,231.86489123072647,229.5873982094942,231.5252685546875,34082200
2024-10-17,421.5162601711392,421.65599512005826,414.7597951900465,415.8875427246094,14820000,233.17345903647427,233.59301088010824,230.26666863657624,231.89486694335938,32993800
2024-10-18,416.30672505621476,418.81169030533886,415.4284780937268,417.3246765136719,17145300,235.9204255737285,235.9204255737285,233.75281228137578,234.74172973632812,46431500
2024-10-21,415.28873052027103,418.1230535224922,412.92346983800354,417.94342041015625,14206100,234.19234018879644,236.5897117727769,234.19234018879644,236.22010803222656,36254500
2024-10-22,417.65400492824705,429.719850009177,417.20492213264845,426.656005859375,25482200,233.6329632952546,235.96040454410334,232.3443876620224,235.60079956054688,38846600
2024-10-23,429.99927448801196,430.2188362215334,421.68592837942305,423.7518005371094,19654400,233.822752128634,234.88158476901867,227.50969037853835,230.5063934326172,52287000
2024-10-24,424.48033834123805,425.1290642527003,421.55619868116815,423.8815612792969,13581600,229.7272566761152,230.56634513279107,228.15898997077215,230.31661987304688,31109500
2024-10-25,425.9075007963015,431.6559737319955,425.7178779096375,427.2947082519531,16899100,229.4875225740561,232.96369380669327,229.3177112321018,231.1556854248047,38802300
2024-10-28,430.79770276573566,431.0771422085262,425.44839427381163,425.7378234863281,14882400,233.06359498314518,234.472033847566,232.29443692443334,233.14349365234375,36087100
2024-10-29,427.14500621655657,432.3046917719988,424.94938886176953,431.0871276855469,17644100,232.84382710997653,234.07247106119948,232.06468555632105,233.41319274902344,35417200
2024-10-30,436.566149775902,437.6240298288107,431.2368208895649,431.66595458984375,29749100,232.35435817157438,233.21341362628857,229.29772360355057,229.8471221923828,47070900
2024-10-31,414.53024968400064,415.3286698537771,405.4883506505116,405.53826904296875,53971000,229.08795100904055,229.57741798472995,225.1223128313268,225.66172790527344,64370100
2024-11-01,408.1929633155515,414.669989017628,406.6859699751707,409.55023193359375,24230400,220.72715344034327,225.10234466312102,220.02792579428782,222.66502380371094,65276700
2024-11-04,408.98136250106245,409.6001495592508,404.75983193250556,407.64404296875,19672300,220.74713841963055,222.54514803369162,219.46854635353304,221.76600646972656,44944500
2024-11-05,407.55420745470553,414.0711614645437,407.26477825056725,410.6380310058594,17626000,221.5562414690178,223.70387248945224,220.896963160989,223.2044219970703,28111300
2024-11-06,411.5961294118678,419.6100868075599,409.6999006422783,419.3406066894531,26681800,222.36535526416637,225.82155947797517,220.94691765378838,222.47523498535156,54561100
2024-11-07,420.4384354335317,425.997315920461,419.041238212776,424.58013916015625,19901800,224.38313701629485,227.629565273657,224.32320539488208,227.22999572753906,42137700
2024-11-08,424.4703681752109,425.6480036424066,420.9374313170091,421.6959228515625,16891400,227.1699981689453,228.66000366210938,226.41000366210938,226.9600067138672,38328800
2024-11-11,421.67592700377526,423.9613608320793,415.16896287691225,417.1749572753906,24503300,225.0,225.6999969482422,221.5,224.22999572753906,42005600
2024-11-12,417.41448646778457,423.59212350380113,416.3665961739424,422.1849365234375,19401200,224.5500030517578,225.58999633789062,223.36000061035156,224.22999572753906,40398300
2024-11-13,420.7977304833057,428.4723406260961,417.37455923502137,424.3506164550781,21502200,224.00999450683594,226.64999389648438,222.75999450683594,225.1199951171875,48566200
2024-11-14,424.1509924128195,427.3146732159619,419.1609807373746,426.0372314453125,30246900,225.02000427246094,228.8699951171875,225.0,228.22000122070312,44923900
2024-11-15,418.981368798022,421.95539641463347,412.8137213651046,414.1709899902344,28247600,226.39999389648438,226.9199981689453,224.27000427246094,225.0,47923700
2024-11-18,414.04123715109023,417.56418428856415,411.27678155870234,414.9294738769531,24742000,225.25,229.74000549316406,225.1699981689453,228.02000427246094,44686000
2024-11-19,412.28473963430486,417.10510808078726,410.727858391825,416.9554138183594,18133500,226.97999572753906,230.16000366210938,226.66000366210938,228.27999877929688,36211800
2024-11-20,416.0372212157148,416.4563955899673,409.7597781109004,414.65997314453125,19191700,228.05999755859375,229.92999267578125,225.88999938964844,229.0,35169600
2024-11-21,419.5,419.7799987792969,410.2900085449219,412.8699951171875,20780200,228.8800048828125,230.16000366210938,225.7100067138672,228.52000427246094,42108300
2024-11-22,411.3699951171875,417.3999938964844,411.05999755859375,417.0,24814600,228.05999755859375,230.72000122070312,228.05999755859375,229.8699951171875,38168300
2024-11-25,418.3800048828125,421.0799865722656,414.8500061035156,418.7900085449219,27691100,231.4600067138672,233.25,229.74000549316406,232.8699951171875,90152800
2024-11-26,419.5899963378906,429.0400085449219,418.8500061035156,427.989990234375,23458900,233.3300018310547,235.57000732421875,233.3300018310547,235.05999755859375,45986200
2024-11-27,425.1099853515625,427.2300109863281,422.0199890136719,422.989990234375,18332400,234.47000122070312,235.69000244140625,233.80999755859375,234.92999267578125,33498400
2024-11-29,420.0899963378906,424.8800048828125,417.79998779296875,423.4599914550781,16271900,234.80999755859375,237.80999755859375,233.97000122070312,237.3300018310547,28481400
2024-12-02,421.57000732421875,433.0,421.30999755859375,430.9800109863281,20207200,237.27000427246094,240.7899932861328,237.16000366210938,239.58999633789062,48137100
2024-12-03,429.8399963378906,432.4700012207031,427.739990234375,431.20001220703125,18302000,239.80999755859375,242.75999450683594,238.89999389648438,242.64999389648438,38861000
2024-12-04,433.0299987792969,439.6700134277344,432.6300048828125,437.4200134277344,26009400,242.8699951171875,244.11000061035156,241.25,243.00999450683594,44383900
2024-12-05,437.9200134277344,444.6600036621094,436.1700134277344,442.6199951171875,21697800,243.99000549316406,244.5399932861328,242.1300048828125,243.0399932861328,40033900
2024-12-06,442.29998779296875,446.1000061035156,441.7699890136719,443.57000732421875,18821000,242.91000366210938,244.6300048828125,242.0800018310547,242.83999633789062,36870600
2024-12-09,442.6000061035156,448.3299865722656,440.5,446.0199890136719,19144400,241.8300018310547,247.24000549316406,241.75,246.75,44649200
2024-12-10,444.3900146484375,449.6199951171875,441.6000061035156,443.3299865722656,18469500,246.88999938964844,248.2100067138672,245.33999633789062,247.77000427246094,36914800
2024-12-11,444.04998779296875,450.3500061035156,444.04998779296875,448.989990234375,19200200,247.9600067138672,250.8000030517578,246.25999450683594,246.49000549316406,45205800
2024-12-12,449.1099853515625,456.1600036621094,449.1099853515625,449.55999755859375,20834800,246.88999938964844,248.74000549316406,245.67999267578125,247.9600067138672,32777500
2024-12-13,448.44000244140625,451.42999267578125,445.5799865722656,447.2699890136719,20177800,247.82000732421875,249.2899932861328,246.24000549316406,248.1300048828125,33155300
2024-12-16,447.2699890136719,452.17999267578125,445.2799987792969,451.5899963378906,23598800,247.99000549316406,251.3800048828125,247.64999389648438,251.0399932861328,51694800
2024-12-17,451.010009765625,455.2900085449219,449.57000732421875,454.4599914550781,22733500,250.0800018310547,253.8300018310547,249.77999877929688,253.47999572753906,51356400
2024-12-18,451.32000732421875,452.6499938964844,437.0199890136719,437.3900146484375,24444500,252.16000366210938,254.27999877929688,247.74000549316406,248.0500030517578,56774100
2024-12-19,441.6199951171875,443.17999267578125,436.32000732421875,437.0299987792969,22963700,247.5,252.0,247.08999633789062,249.7899932861328,60882300
2024-12-20,433.1099853515625,443.739990234375,428.6300048828125,436.6000061035156,64263700,248.0399932861328,255.0,245.69000244140625,254.49000549316406,147495300
2024-12-23,436.739990234375,437.6499938964844,432.8299865722656,435.25,19152500,254.77000427246094,255.64999389648438,253.4499969482422,255.27000427246094,40858800
2024-12-24,434.6499938964844,439.6000061035156,434.19000244140625,439.3299865722656,7164500,255.49000549316406,258.2099914550781,255.2899932861328,258.20001220703125,23234700
2024-12-26,439.0799865722656,440.94000244140625,436.6300048828125,438.1099853515625,8194200,258.19000244140625,260.1000061035156,257.6300048828125,259.0199890136719,27237100
2024-12-27,434.6000061035156,435.2200012207031,426.3500061035156,430.5299987792969,18117700,257.8299865722656,258.70001220703125,253.05999755859375,255.58999633789062,42355300
2024-12-30,426.05999755859375,427.54998779296875,421.8999938964844,424.8299865722656,13158700,252.22999572753906,253.5,250.75,252.1999969482422,35557500
2024-12-31,426.1000061035156,426.7300109863281,420.6600036621094,421.5,13246500,252.44000244140625,253.27999877929688,249.42999267578125,250.4199981689453,39480700
2025-01-02,425.5299987792969,426.07000732421875,414.8500061035156,418.5799865722656,16896500,248.92999267578125,249.10000610351562,241.82000732421875,243.85000610351562,55740700
2025-01-03,421.0799865722656,424.0299987792969,419.5400085449219,423.3500061035156,16662900,243.36000061035156,244.17999267578125,241.88999938964844,243.36000061035156,40244100
2025-01-06,428.0,434.32000732421875,425.4800109863281,427.8500061035156,20573600,244.30999755859375,247.3300018310547,243.1999969482422,245.0,45045600
2025-01-07,429.0,430.6499938964844,420.79998779296875,422.3699951171875,18139100,242.97999572753906,245.5500030517578,241.35000610351562,242.2100067138672,40856000
2025-01-08,423.4599914550781,426.9700012207031,421.5400085449219,424.55999755859375,15054600,241.9199981689453,243.7100067138672,240.0500030517578,242.6999969482422,37628900
2025-01-10,424.6300048828125,424.7099914550781,415.0199890136719,418.95001220703125,20201100,240.00999450683594,240.16000366210938,233.0,236.85000610351562,61710900
2025-01-13,415.239990234375,418.5,412.2900085449219,417.19000244140625,17604800,233.52999877929688,234.6699981689453,229.72000122070312,234.39999389648438,49630700
2025-01-14,417.80999755859375,419.739990234375,410.7200012207031,415.6700134277344,16935900,234.75,236.1199951171875,232.47000122070312,233.27999877929688,39435300
2025-01-15,419.1300048828125,428.1499938964844,418.2699890136719,426.30999755859375,19637800,234.63999938964844,238.9600067138672,234.42999267578125,237.8699951171875,39832000
2025-01-16,428.70001220703125,429.489990234375,424.3900146484375,424.5799865722656,15300000,237.35000610351562,238.00999450683594,228.02999877929688,228.25999450683594,71759100
2025-01-17,434.0899963378906,434.4800109863281,428.1700134277344,429.0299987792969,26197500,232.1199951171875,232.2899932861328,228.47999572753906,229.97999572753906,68488300
2025-01-21,430.20001220703125,430.8999938964844,425.6000061035156,428.5,26085700,224.0,224.4199981689453,219.3800048828125,222.63999938964844,98070400
2025-01-22,437.55999755859375,447.2699890136719,436.0,446.20001220703125,27803800,219.7899932861328,224.1199951171875,219.7899932861328,223.8300018310547,64126500
2025-01-23,442.0,446.75,441.5,446.7099914550781,18389300,224.74000549316406,227.02999877929688,222.3000030517578,223.66000366210938,60234800
2025-01-24,445.1600036621094,446.6499938964844,441.3999938964844,444.05999755859375,15549500,224.77999877929688,225.6300048828125,221.41000366210938,222.77999877929688,54697900
2025-01-27,424.010009765625,435.20001220703125,423.5,434.55999755859375,35647800,224.02000427246094,232.14999389648438,223.97999572753906,229.86000061035156,94863400
2025-01-28,434.6000061035156,448.3800048828125,431.3800048828125,447.20001220703125,23491700,230.85000610351562,240.19000244140625,230.80999755859375,238.25999450683594,75707600
2025-01-29,446.69000244140625,446.8800048828125,440.3999938964844,442.3299865722656,23581400,234.1199951171875,239.86000061035156,234.00999450683594,239.36000061035156,45486100
2025-01-30,418.7699890136719,422.8599853515625,413.1600036621094,414.989990234375,54586300,238.6699981689453,240.7899932861328,237.2100067138672,237.58999633789062,55658300
2025-01-31,418.9800109863281,420.69000244140625,414.9100036621094,415.05999755859375,34223400,247.19000244140625,247.19000244140625,233.44000244140625,236.0,101075100
2025-02-03,411.6000061035156,415.4100036621094,408.6600036621094,410.9200134277344,25679100,229.99000549316406,231.8300018310547,225.6999969482422,228.00999450683594,73063300
2025-02-04,412.69000244140625,413.9200134277344,409.739990234375,412.3699951171875,20532100,227.25,233.1300048828125,226.64999389648438,232.8000030517578,45067300
2025-02-05,412.3500061035156,413.8299865722656,410.3999938964844,413.2900085449219,16316700,228.52999877929688,232.6699981689453,228.27000427246094,232.47000122070312,39620300
2025-02-06,414.385009765625,418.20001220703125,414.0899963378906,415.82000732421875,16223810,231.33999633789062,233.8000030517578,230.4250030517578,233.22000122070312,28918109
